time,date,group,obs,action,actor1,actor2,actor3,recipient1,recipient2,recipient3,context,response,agg_supp,intromission,pe,ejaculation,thrust_number,prox_10m_af,prox_10m_ef,prox_10m_all,notes,IOR
10:45:26,3/13/2023,1,CC,Ag,M198,M242,NA,M176,NA,NA,NA,NA,AS,NA,NA,NA,No Value,No Value,No Value,No Value,NA,NA
10:51:40,3/13/2023,1,CC,Ag,M143,NA,NA,M042,M080,NA,NA,NA,RS,NA,NA,NA,No Value,No Value,No Value,No Value,NA,NA
13:15:54,3/13/2023,1,CC,Ag,M303,NA,NA,M146,M192,NA,NA,NA,RS,NA,NA,NA,No Value,No Value,No Value,No Value,NA,NA
13:17:47,3/13/2023,1,CC,Ag,M038,NA,NA,M121,M224,NA,NA,NA,RS,NA,NA,NA,No Value,No Value,No Value,No Value,NA,NA
13:54:32,3/13/2023,1,CC,Ag,M150,NA,NA,M093,M192,M097,NA,NA,RS,NA,NA,NA,No Value,No Value,No Value,No Value,NA,NA
8:14:31,3/14/2023,1,CC,Ag,M029,M162,NA,M034,NA,NA,NA,NA,AS,NA,NA,NA,No Value,No Value,No Value,No Value,NA,NA
8:25:41,3/14/2023,1,CC,Ag,M147,NA,NA,M112,M168,NA,NA,NA,RS,NA,NA,NA,No Value,No Value,No Value,No Value,NA,NA
8:56:17,3/14/2023,1,CC,Ag,M100,M013,M064,M242,M059,NA,NA,NA,AS-RS,NA,NA,NA,No Value,No Value,No Value,No Value,NA,NA
9:11:18,3/14/2023,1,CC,Ag,M151,NA,NA,M026,M121,NA,NA,NA,RS,NA,NA,NA,No Value,No Value,No Value,No Value,NA,NA
9:18:58,3/14/2023,1,CC,Ag,M145,M140,NA,M303,NA,NA,NA,NA,AS,NA,NA,NA,No Value,No Value,No Value,No Value,NA,NA
10:42:44,3/14/2023,1,CC,Ag,M252,M151,NA,M303,NA,NA,NA,NA,AS,NA,NA,NA,No Value,No Value,No Value,No Value,NA,NA
10:59:22,3/14/2023,1,CC,Ag,M074,NA,NA,M151,M133,NA,NA,NA,RS,NA,NA,NA,No Value,No Value,No Value,No Value,NA,NA
12:50:32,3/14/2023,1,CC,Ag,M102,NA,NA,M101,M242,M303,NA,NA,RS,NA,NA,NA,No Value,No Value,No Value,No Value,NA,NA
8:59:20,3/15/2023,1,CC,Ag,M198,M029,M112,M076,NA,NA,NA,NA,AS,NA,NA,NA,No Value,No Value,No Value,No Value,NA,NA
9:03:39,3/15/2023,1,CC,Ag,M101,M198,M162,M075,NA,NA,NA,NA,AS,NA,NA,NA,No Value,No Value,No Value,No Value,NA,NA
9:16:57,3/15/2023,1,CC,Ag,M066,M082,M143,M076,NA,NA,NA,NA,AS,NA,NA,NA,No Value,No Value,No Value,No Value,NA,NA
9:22:12,3/15/2023,1,CC,Ag,M066,M143,NA,M102,NA,NA,NA,NA,AS,NA,NA,NA,No Value,No Value,No Value,No Value,NA,NA
9:25:28,3/15/2023,1,CC,Ag,M100,NA,NA,M209,M022,M042,NA,NA,RS,NA,NA,NA,No Value,No Value,No Value,No Value,NA,NA
10:04:33,3/15/2023,1,CC,Ag,M099,NA,NA,M034,M242,NA,NA,NA,RS,NA,NA,NA,No Value,No Value,No Value,No Value,NA,NA
10:36:44,3/15/2023,1,CC,Ag,M074,M121,M151,M080,NA,NA,NA,NA,AS,NA,NA,NA,No Value,No Value,No Value,No Value,NA,NA
13:14:35,3/15/2023,1,CC,Ag,M102,M194,M099,M303,M303,NA,NA,NA,AS,NA,NA,NA,No Value,No Value,No Value,No Value,NA,NA
8:05:50,3/16/2023,1,CC,Ag,M006,M066,NA,M101,NA,NA,NA,NA,AS,NA,NA,NA,No Value,No Value,No Value,No Value,NA,NA
8:22:16,3/16/2023,1,CC,Ag,M112,M242,NA,M303,NA,NA,NA,NA,AS,NA,NA,NA,No Value,No Value,No Value,No Value,NA,NA
8:28:38,3/16/2023,1,CC,Ag,M006,M133,M173,M223,M066,NA,NA,NA,AS-RS,NA,NA,NA,No Value,No Value,No Value,No Value,NA,NA
9:24:05,3/16/2023,1,CC,Ag,M006,M168,M076,M205,NA,NA,NA,NA,AS,NA,NA,NA,No Value,No Value,No Value,No Value,NA,NA
10:33:09,3/16/2023,1,CC,Ag,M042,M027,M101,M223,NA,NA,NA,NA,AS,NA,NA,NA,No Value,No Value,No Value,No Value,NA,NA
8:04:18,3/17/2023,1,CC,Ag,M066,M095,NA,M011,NA,NA,NA,NA,AS,NA,NA,NA,No Value,No Value,No Value,No Value,NA,NA
8:13:05,3/17/2023,1,CC,Ag,M303,NA,NA,M066,M075,NA,NA,NA,RS,NA,NA,NA,No Value,No Value,No Value,No Value,NA,NA
9:01:27,3/17/2023,1,CC,Ag,M066,M162,NA,M146,M095,M157,NA,NA,AS-RS,NA,NA,NA,No Value,No Value,No Value,No Value,NA,NA
9:04:03,3/17/2023,1,CC,Ag,M143,NA,NA,M095,M146,M014,NA,NA,RS,NA,NA,NA,No Value,No Value,No Value,No Value,NA,NA
9:09:31,3/17/2023,1,CC,Ag,M174,NA,NA,M038,M088,M090,NA,NA,RS,NA,NA,NA,No Value,No Value,No Value,No Value,NA,NA
9:30:00,3/18/2023,2,AK,Ag,M225,M210,M211,M245,NA,NA,NA,NA,AS,NA,NA,NA,No Value,No Value,No Value,No Value,NA,NA
7:46:17,3/19/2023,1,CC,Ag,M202,NA,NA,M133,M162,NA,NA,NA,RS,NA,NA,NA,No Value,No Value,No Value,No Value,NA,NA
8:12:28,3/19/2023,1,CC,Ag,M162,NA,NA,M013,M066,NA,NA,NA,RS,NA,NA,NA,No Value,No Value,No Value,No Value,NA,NA
9:04:38,3/19/2023,2,AK,Ag,M114,M010,NA,M155,NA,NA,NA,NA,AS,NA,NA,NA,No Value,No Value,No Value,No Value,NA,NA
9:18:16,3/19/2023,1,CC,Ag,M205,NA,NA,M006,M223,M308,NA,NA,RS,NA,NA,NA,No Value,No Value,No Value,No Value,NA,NA
9:32:52,3/19/2023,2,AK,Ag,M007,M206,M225,M309,NA,NA,NA,NA,AS,NA,NA,NA,No Value,No Value,No Value,No Value,NA,NA
10:37:40,3/19/2023,2,AK,Ag,M180,M007,M303,M199,NA,NA,NA,NA,AS,NA,NA,NA,No Value,No Value,No Value,No Value,NA,NA
10:43:17,3/19/2023,2,AK,Ag,M041,M247,NA,M199,NA,NA,NA,NA,AS,NA,NA,NA,No Value,No Value,No Value,No Value,NA,NA
11:16:57,3/19/2023,1,CC,Ag,M145,M026,M105,M303,M303,NA,NA,NA,AS,NA,NA,NA,No Value,No Value,No Value,No Value,NA,NA
11:17:45,3/19/2023,1,CC,Ag,M105,M242,M027,M042,NA,NA,NA,NA,AS,NA,NA,NA,No Value,No Value,No Value,No Value,NA,NA
12:33:14,3/19/2023,1,CC,Ag,M101,M066,NA,M146,M105,M006,NA,NA,AS-RS,NA,NA,NA,No Value,No Value,No Value,No Value,NA,NA
8:22:09,3/20/2023,1,CC,Ag,M059,NA,NA,M014,M042,NA,NA,NA,RS,NA,NA,NA,No Value,No Value,No Value,No Value,NA,NA
8:30:23,3/20/2023,1,CC,Ag,M308,NA,NA,M090,M145,NA,NA,NA,RS,NA,NA,NA,No Value,No Value,No Value,No Value,NA,NA
8:41:28,3/20/2023,1,CC,Ag,M030,NA,NA,M242,M034,NA,NA,NA,RS,NA,NA,NA,No Value,No Value,No Value,No Value,NA,NA
8:41:57,3/20/2023,1,CC,Ag,M011,M141,NA,M038,NA,NA,NA,NA,AS,NA,NA,NA,No Value,No Value,No Value,No Value,NA,NA
8:43:07,3/20/2023,1,CC,Ag,M030,M174,NA,M205,NA,NA,NA,NA,AS,NA,NA,NA,No Value,No Value,No Value,No Value,NA,NA
8:57:36,3/20/2023,2,AK,Ag,M126,NA,NA,M182,M103,NA,NA,NA,RS,NA,NA,NA,No Value,No Value,No Value,No Value,NA,NA
10:08:28,3/20/2023,1,CC,Ag,M188,M150,NA,M064,NA,NA,NA,NA,AS,NA,NA,NA,No Value,No Value,No Value,No Value,NA,NA
11:08:39,3/20/2023,1,CC,Ag,M162,M030,NA,M303,NA,NA,NA,NA,AS,NA,NA,NA,No Value,No Value,No Value,No Value,NA,NA
13:05:27,3/20/2023,1,CC,Ag,M013,M027,NA,M011,NA,NA,NA,NA,AS,NA,NA,NA,No Value,No Value,No Value,No Value,NA,NA
7:59:03,3/21/2023,2,AK,Ag,M187,M063,NA,M155,NA,NA,NA,NA,AS,NA,NA,NA,No Value,No Value,No Value,No Value,NA,NA
8:21:17,3/21/2023,1,CC,Ag,M161,M090,NA,M013,NA,NA,NA,NA,AS,NA,NA,NA,No Value,No Value,No Value,No Value,NA,NA
8:39:56,3/21/2023,1,CC,Ag,M066,M303,M303,M162,M143,NA,NA,NA,AS-RS,NA,NA,NA,No Value,No Value,No Value,No Value,NA,NA
8:43:07,3/21/2023,2,AK,Ag,M227,NA,NA,M035,M077,NA,NA,NA,RS,NA,NA,NA,No Value,No Value,No Value,No Value,NA,NA
8:47:34,3/21/2023,1,CC,Ag,M141,M221,NA,M162,NA,NA,NA,NA,AS,NA,NA,NA,No Value,No Value,No Value,No Value,NA,NA
9:09:01,3/21/2023,1,CC,Ag,M143,M074,NA,M105,NA,NA,NA,NA,AS,NA,NA,NA,No Value,No Value,No Value,No Value,NA,NA
9:30:10,3/21/2023,2,AK,Ag,M041,M010,NA,M309,NA,NA,NA,NA,AS,NA,NA,NA,No Value,No Value,No Value,No Value,NA,NA
10:07:09,3/21/2023,1,CC,Ag,M027,NA,NA,M064,M049,NA,NA,NA,RS,NA,NA,NA,No Value,No Value,No Value,No Value,NA,NA
10:43:30,3/21/2023,1,CC,Ag,M059,M140,NA,M303,NA,NA,NA,NA,AS,NA,NA,NA,No Value,No Value,No Value,No Value,NA,NA
13:30:55,3/21/2023,1,CC,Ag,M059,M090,NA,M101,NA,NA,NA,NA,AS,NA,NA,NA,No Value,No Value,No Value,No Value,NA,NA
13:55:50,3/21/2023,2,AK,Ag,M044,M009,NA,M309,NA,NA,NA,NA,AS,NA,NA,NA,No Value,No Value,No Value,No Value,NA,NA
14:01:18,3/21/2023,1,CC,Ag,M013,NA,NA,M011,M026,M116,NA,NA,RS,NA,NA,NA,No Value,No Value,No Value,No Value,NA,NA
8:06:19,3/22/2023,1,CC,Ag,M030,M074,M013,M156,M049,NA,NA,NA,AS-RS,NA,NA,NA,No Value,No Value,No Value,No Value,NA,NA
8:18:44,3/22/2023,1,CC,Ag,M066,NA,NA,M011,M147,NA,NA,NA,RS,NA,NA,NA,No Value,No Value,No Value,No Value,NA,NA
8:34:39,3/22/2023,1,CC,Ag,M014,M161,M121,M116,NA,NA,NA,NA,AS,NA,NA,NA,No Value,No Value,No Value,No Value,NA,NA
8:36:26,3/22/2023,1,CC,Ag,M092,NA,NA,M116,M026,M099,NA,NA,RS,NA,NA,NA,No Value,No Value,No Value,No Value,NA,NA
8:37:36,3/22/2023,1,CC,Ag,M100,M064,NA,M303,NA,NA,NA,NA,AS,NA,NA,NA,No Value,No Value,No Value,No Value,NA,NA
8:55:32,3/22/2023,1,CC,Ag,M082,NA,NA,M154,M093,NA,NA,NA,AS,NA,NA,NA,No Value,No Value,No Value,No Value,NA,NA
8:58:29,3/22/2023,1,CC,Ag,M064,M013,NA,M303,NA,NA,NA,NA,AS,NA,NA,NA,No Value,No Value,No Value,No Value,NA,NA
9:07:17,3/22/2023,1,CC,Ag,M002,M097,NA,M308,NA,NA,NA,NA,AS,NA,NA,NA,No Value,No Value,No Value,No Value,NA,NA
9:08:15,3/22/2023,1,CC,Ag,M027,NA,NA,M205,M074,NA,NA,NA,RS,NA,NA,NA,No Value,No Value,No Value,No Value,NA,NA
9:16:47,3/22/2023,1,CC,Ag,M224,M049,NA,M202,M088,NA,NA,NA,AS-RS,NA,NA,NA,No Value,No Value,No Value,No Value,NA,NA
9:22:36,3/22/2023,1,CC,Ag,M049,M157,NA,M303,NA,NA,NA,NA,AS-RS,NA,NA,NA,No Value,No Value,No Value,No Value,NA,NA
9:48:31,3/22/2023,1,CC,Ag,M066,NA,NA,M105,M205,NA,NA,NA,RS,NA,NA,NA,No Value,No Value,No Value,No Value,NA,NA
9:49:22,3/22/2023,1,CC,Ag,M066,M100,M146,M303,NA,NA,NA,NA,AS,NA,NA,NA,No Value,No Value,No Value,No Value,NA,NA
10:34:00,3/22/2023,1,CC,Ag,M034,M102,NA,M026,M143,NA,NA,NA,AS-RS,NA,NA,NA,No Value,No Value,No Value,No Value,NA,NA
11:11:56,3/22/2023,1,CC,Ag,M185,M049,NA,M303,NA,NA,NA,NA,AS,NA,NA,NA,No Value,No Value,No Value,No Value,NA,NA
11:46:07,3/22/2023,1,CC,Ag,M224,M087 (F),NA,M097,M205,NA,NA,NA,AS-RS,NA,NA,NA,No Value,No Value,No Value,No Value,NA,NA
8:25:11,3/22/2023,2,AK,Ag,M053,M007,M303,M163,NA,NA,NA,NA,AS,NA,NA,NA,No Value,No Value,No Value,No Value,NA,NA
8:38:52,3/22/2023,2,AK,Ag,M212,M020,NA,M309,NA,NA,NA,NA,AS,NA,NA,NA,No Value,No Value,No Value,No Value,NA,NA
9:05:24,3/22/2023,2,AK,Ag,M206,M219,NA,M309,NA,NA,NA,NA,AS,NA,NA,NA,No Value,No Value,No Value,No Value,MUN cleft lip,NA
9:26:20,3/22/2023,2,AK,Ag,M200,NA,NA,M245,M041,NA,NA,NA,RS,NA,NA,NA,No Value,No Value,No Value,No Value,NA,NA
10:16:44,3/22/2023,2,AK,Ag,M138,NA,NA,M170,M206,NA,NA,NA,RS,NA,NA,NA,No Value,No Value,No Value,No Value,NA,NA
10:20:09,3/22/2023,2,AK,Ag,M062,M053,NA,M200,NA,NA,NA,NA,AS,NA,NA,NA,No Value,No Value,No Value,No Value,NA,NA
12:16:31,3/22/2023,2,AK,Ag,M177,M058,NA,M036,NA,NA,NA,NA,AS,NA,NA,NA,No Value,No Value,No Value,No Value,NA,NA
8:00:46,3/23/2023,1,CC,Ag,M116,M173,NA,M059,NA,NA,NA,NA,AS,NA,NA,NA,No Value,No Value,No Value,No Value,NA,NA
8:07:24,3/23/2023,1,CC,Ag,M066,M013,NA,M083,NA,NA,NA,NA,AS,NA,NA,NA,No Value,No Value,No Value,No Value,NA,NA
8:44:30,3/23/2023,1,CC,Ag,M101,M013,NA,M011,NA,NA,NA,NA,AS,NA,NA,NA,No Value,No Value,No Value,No Value,NA,NA
8:50:20,3/23/2023,1,CC,Ag,M066,NA,NA,M013,M185,M075,NA,NA,RS,NA,NA,NA,No Value,No Value,No Value,No Value,NA,NA
8:53:47,3/23/2023,1,CC,Ag,M027,NA,NA,M145,M156,NA,NA,NA,AS,NA,NA,NA,No Value,No Value,No Value,No Value,NA,NA
8:58:29,3/23/2023,1,CC,Ag,M161,M030,M143,M133,M013,M146,NA,NA,AS-RS,NA,NA,NA,No Value,No Value,No Value,No Value,NA,NA
9:21:24,3/23/2023,1,CC,Ag,M161,NA,NA,M026,M209,NA,NA,NA,RS,NA,NA,NA,No Value,No Value,No Value,No Value,NA,NA
10:28:21,3/23/2023,1,CC,Ag,M101,NA,NA,M076,M194,NA,NA,NA,RS,NA,NA,NA,No Value,No Value,No Value,No Value,NA,NA
11:02:52,3/23/2023,2,AK,Ag,M206,M210,NA,M146,NA,NA,NA,NA,AS,NA,NA,NA,No Value,No Value,No Value,No Value,NA,NA
10:07:58,3/24/2023,2,AK,Ag,M094,M063,NA,M245,NA,NA,NA,NA,AS,NA,NA,NA,No Value,No Value,No Value,No Value,NA,NA
10:46:33,3/24/2023,2,AK,Ag,M170,M210,M206,M007,NA,NA,NA,NA,AS,NA,NA,NA,No Value,No Value,No Value,No Value,NA,NA
12:18:51,3/24/2023,2,AK,Ag,M010,NA,NA,M225,M228,NA,NA,NA,RS,NA,NA,NA,No Value,No Value,No Value,No Value,NA,NA
8:01:50,3/26/2023,1,CC,Ag,M037,NA,NA,M252,M169,NA,NA,NA,RS,NA,NA,NA,No Value,No Value,No Value,No Value,NA,NA
8:03:00,3/26/2023,1,CC,Ag,M161,M037,M027,M026,M042,M076,NA,NA,AS-RS,NA,NA,NA,No Value,No Value,No Value,No Value,NA,NA
8:05:47,3/26/2023,1,CC,Ag,M037,NA,NA,M252,M093,NA,NA,NA,RS,NA,NA,NA,No Value,No Value,No Value,No Value,NA,NA
8:25:44,3/26/2023,1,CC,Ag,M049,NA,NA,M027,M093,NA,NA,NA,RS,NA,NA,NA,No Value,No Value,No Value,No Value,NA,NA
8:26:16,3/26/2023,1,CC,Ag,M161,M027,NA,M049,M080,NA,NA,NA,AS-RS,NA,NA,NA,No Value,No Value,No Value,No Value,NA,NA
8:26:59,3/26/2023,1,CC,Ag,M013,M147,NA,M034,NA,NA,NA,NA,AS-RS,NA,NA,NA,No Value,No Value,No Value,No Value,NA,NA
8:53:36,3/26/2023,2,AK,Ag,M062,M007,NA,M155,NA,NA,NA,NA,AS,NA,NA,NA,No Value,No Value,No Value,No Value,NA,NA
9:06:12,3/26/2023,2,AK,Ag,M007,M211,NA,M309,NA,NA,NA,NA,RS,NA,NA,NA,No Value,No Value,No Value,No Value,NA,NA
9:35:33,3/26/2023,1,CC,Ag,M027,M037,NA,M308,M308,NA,NA,NA,AS,NA,NA,NA,No Value,No Value,No Value,No Value,NA,NA
9:41:42,3/26/2023,2,AK,Ag,M103,M211,NA,M210,NA,NA,NA,NA,AS,NA,NA,NA,No Value,No Value,No Value,No Value,NA,NA
10:38:11,3/26/2023,2,AK,Ag,M193,M206,NA,M043,NA,NA,NA,NA,AS,NA,NA,NA,No Value,No Value,No Value,No Value,NA,NA
11:01:07,3/26/2023,2,AK,Ag,M043,M068,NA,M166,NA,NA,NA,NA,AS,NA,NA,NA,No Value,No Value,No Value,No Value,NA,NA
11:11:55,3/26/2023,1,CC,Ag,M049,M140,NA,M303,NA,NA,NA,NA,AS,NA,NA,NA,No Value,No Value,No Value,No Value,NA,NA
11:35:24,3/26/2023,2,AK,Ag,M028,M148,NA,M146,NA,NA,NA,NA,AS,NA,NA,NA,No Value,No Value,No Value,No Value,NA,NA
12:55:55,3/26/2023,2,AK,Ag,M303,NA,NA,M228,M225,NA,NA,NA,RS,NA,NA,NA,No Value,No Value,No Value,No Value,NA,NA
7:51:42,3/27/2023,1,CC,Ag,M037,M161,M143,M027,M013,M026,NA,NA,AS-RS,NA,NA,NA,No Value,No Value,No Value,No Value,NA,NA
7:55:39,3/27/2023,1,CC,Ag,M026,M205,M252,M303,NA,NA,NA,NA,AS,NA,NA,NA,No Value,No Value,No Value,No Value,NA,NA
8:03:45,3/27/2023,1,CC,Ag,M037,NA,NA,M013,M143,M076,NA,NA,RS,NA,NA,NA,No Value,No Value,No Value,No Value,NA,NA
8:26:57,3/27/2023,2,AK,Ag,M041,M147,NA,M198,NA,NA,NA,NA,AS,NA,NA,NA,No Value,No Value,No Value,No Value,NA,NA
8:38:08,3/27/2023,1,CC,Ag,M066,M143,NA,M223,M029,NA,NA,NA,AS-RS,NA,NA,NA,No Value,No Value,No Value,No Value,NA,NA
8:49:16,3/27/2023,2,AK,Ag,M103,M007,NA,M309,NA,NA,NA,NA,AS,NA,NA,NA,No Value,No Value,No Value,No Value,NA,NA
10:04:52,3/27/2023,2,AK,Ag,M025,M009,NA,M303,NA,NA,NA,NA,AS,NA,NA,NA,No Value,No Value,No Value,No Value,NA,NA
10:16:45,3/27/2023,2,AK,Ag,M053,M020,NA,M309,NA,NA,NA,NA,AS,NA,NA,NA,No Value,No Value,No Value,No Value,NA,NA
11:54:01,3/27/2023,1,CC,Ag,M026,M038,NA,M105,NA,NA,NA,NA,AS,NA,NA,NA,No Value,No Value,No Value,No Value,NA,NA
12:05:53,3/27/2023,1,CC,Ag,M027,M026,M112,M308,NA,NA,NA,NA,AS,NA,NA,NA,No Value,No Value,No Value,No Value,NA,NA
12:25:47,3/27/2023,1,CC,Ag,M146,NA,NA,M105,M080,NA,NA,NA,RS,NA,NA,NA,No Value,No Value,No Value,No Value,NA,NA
8:46:53,3/28/2023,1,CC,Ag,M161,M022,M027,M303,NA,NA,NA,NA,AS,NA,NA,NA,No Value,No Value,No Value,No Value,NA,NA
8:49:24,3/28/2023,1,CC,Ag,M027,M161,NA,M146,NA,NA,NA,NA,AS,NA,NA,NA,No Value,No Value,No Value,No Value,NA,NA
9:17:19,3/28/2023,1,CC,Ag,M027,M066,NA,M034,NA,NA,NA,NA,AS,NA,NA,NA,No Value,No Value,No Value,No Value,NA,NA
10:30:44,3/28/2023,1,CC,Ag,M037,M082,M034,M303,NA,NA,NA,NA,AS,NA,NA,NA,No Value,No Value,No Value,No Value,NA,NA
13:34:25,3/28/2023,1,CC,Ag,M026,M121,NA,M303,M303,M303,NA,NA,AS,NA,NA,NA,No Value,No Value,No Value,No Value,NA,NA
10:26:17,3/29/2023,1,CC,Ag,M202,NA,NA,M027,M090,NA,NA,NA,RS,NA,NA,NA,No Value,No Value,No Value,No Value,NA,NA
10:31:19,3/29/2023,1,CC,Ag,M105,M205,NA,M042,NA,NA,NA,NA,AS,NA,NA,NA,No Value,No Value,No Value,No Value,NA,NA
7:43:43,3/30/2023,1,CC,Ag,M105,NA,NA,M140,M252,M088,NA,NA,RS,NA,NA,NA,No Value,No Value,No Value,No Value,NA,NA
7:58:42,3/30/2023,2,AK,Ag,M175,M183,M309,M309,NA,NA,NA,NA,AS,NA,NA,NA,No Value,No Value,No Value,No Value,Ag 3MUN,NA
7:59:20,3/30/2023,2,AK,Ag,M041,M132,NA,M303,NA,NA,NA,NA,AS,NA,NA,NA,No Value,No Value,No Value,No Value,NA,NA
8:12:51,3/30/2023,2,AK,Ag,M094,M044,NA,M138,NA,NA,NA,NA,AS,NA,NA,NA,No Value,No Value,No Value,No Value,NA,NA
8:37:45,3/30/2023,2,AK,Ag,M020,M009,NA,M001,NA,NA,NA,NA,AS,NA,NA,NA,No Value,No Value,No Value,No Value,NA,NA
9:20:22,3/30/2023,1,CC,Ag,M013,M027,NA,M116,NA,NA,NA,NA,AS,NA,NA,NA,No Value,No Value,No Value,No Value,NA,NA
11:44:33,3/30/2023,1,CC,Ag,M162,M013,NA,M161,M303,NA,NA,NA,AS,NA,NA,NA,No Value,No Value,No Value,No Value,NA,NA
13:18:19,3/30/2023,1,CC,Ag,M112,M162,NA,M303,M303,NA,NA,NA,AS,NA,NA,NA,No Value,No Value,No Value,No Value,NA,NA
13:18:54,3/30/2023,1,CC,Ag,M037,M242,NA,M303,M303,NA,NA,NA,AS,NA,NA,NA,No Value,No Value,No Value,No Value,NA,NA
13:46:17,3/30/2023,2,AK,Ag,M041,M165,NA,M309,NA,NA,NA,NA,AS,NA,NA,NA,No Value,No Value,No Value,No Value,NA,NA
13:56:49,3/30/2023,1,CC,Ag,M027,M014,NA,M121,NA,NA,NA,NA,AS,NA,NA,NA,No Value,No Value,No Value,No Value,NA,NA
8:25:54,3/31/2023,2,AK,Ag,M187,M067,NA,M165,NA,NA,NA,NA,AS,NA,NA,NA,No Value,No Value,No Value,No Value,NA,NA
8:36:07,3/31/2023,1,CC,Ag,M162,M026,NA,M006,M185,NA,NA,NA,AS-RS,NA,NA,NA,No Value,No Value,No Value,No Value,NA,NA
9:06:31,3/31/2023,2,AK,Ag,M114,M103,NA,M303,NA,NA,NA,NA,AS,NA,NA,NA,No Value,No Value,No Value,No Value,NA,NA
9:09:58,3/31/2023,1,CC,Ag,M162,NA,NA,M145,M014,M303,NA,NA,RS,NA,NA,NA,No Value,No Value,No Value,No Value,NA,NA
9:15:13,3/31/2023,1,CC,Ag,M026,NA,NA,M143,M011,M116,NA,NA,RS,NA,NA,NA,No Value,No Value,No Value,No Value,NA,NA
9:59:02,3/31/2023,2,AK,Ag,M094,M212,NA,M138,NA,NA,NA,NA,AS,NA,NA,NA,No Value,No Value,No Value,No Value,NA,NA
10:08:11,3/31/2023,2,AK,Ag,M187,M170,NA,M146,NA,NA,NA,NA,AS,NA,NA,NA,No Value,No Value,No Value,No Value,NA,NA
11:28:01,3/31/2023,1,CC,Ag,M013,M088,NA,M242,M303,NA,NA,NA,AS,NA,NA,NA,No Value,No Value,No Value,No Value,NA,NA
12:16:01,3/31/2023,1,CC,Ag,M011,NA,NA,M161,M092,NA,NA,NA,RS,NA,NA,NA,No Value,No Value,No Value,No Value,NA,NA
12:50:35,3/31/2023,1,CC,Ag,M105,NA,NA,M242,M151,M303,NA,NA,RS,NA,NA,NA,No Value,No Value,No Value,No Value,NA,NA
8:01:53,4/4/2023,1,CC,Ag,M026,M011,NA,M303,NA,NA,NA,NA,AS,NA,NA,NA,No Value,No Value,No Value,No Value,NA,NA
8:08:57,4/4/2023,2,AK,Ag,M062,M007,NA,M309,NA,NA,NA,NA,AS,NA,NA,NA,No Value,No Value,No Value,No Value,NA,NA
8:14:53,4/4/2023,2,AK,Ag,M187,M063,M067,M309,NA,NA,NA,NA,AS,NA,NA,NA,No Value,No Value,No Value,No Value,NA,NA
8:18:30,4/4/2023,2,AK,Ag,M031,M103,NA,M308,NA,NA,NA,NA,AS,NA,NA,NA,No Value,No Value,No Value,No Value,NA,NA
8:20:13,4/4/2023,1,CC,Ag,M161,M101,NA,M303,NA,NA,NA,NA,AS,NA,NA,NA,No Value,No Value,No Value,No Value,NA,NA
8:26:24,4/4/2023,2,AK,Ag,M187,M193,NA,M019,NA,NA,NA,NA,AS,NA,NA,NA,No Value,No Value,No Value,No Value,NA,NA
8:29:54,4/4/2023,2,AK,Ag,M211,M132,NA,M309,NA,NA,NA,NA,AS,NA,NA,NA,No Value,No Value,No Value,No Value,NA,NA
8:32:02,4/4/2023,1,CC,Ag,M161,M252,NA,M308,NA,NA,NA,NA,AS,NA,NA,NA,No Value,No Value,No Value,No Value,NA,NA
9:16:14,4/4/2023,2,AK,Ag,M193,M170,NA,M146,NA,NA,NA,NA,AS,NA,NA,NA,No Value,No Value,No Value,No Value,NA,NA
9:35:03,4/4/2023,2,AK,Ag,M303,NA,NA,M206,M170,NA,NA,NA,RS,NA,NA,NA,No Value,No Value,No Value,No Value,NA,NA
9:53:08,4/4/2023,1,CC,Ag,M174,NA,NA,M049,M154,NA,NA,NA,RS,NA,NA,NA,No Value,No Value,No Value,No Value,NA,NA
10:14:03,4/4/2023,2,AK,Ag,M200,M063,NA,M303,NA,NA,NA,NA,AS,NA,NA,NA,No Value,No Value,No Value,No Value,NA,NA
10:55:33,4/4/2023,2,AK,Ag,M212,M062,NA,M166,NA,NA,NA,NA,AS,NA,NA,NA,No Value,No Value,No Value,No Value,NA,NA
8:24:37,4/10/2023,2,AK,Ag,M041,M007,NA,M212,NA,NA,NA,NA,AS,NA,NA,NA,No Value,No Value,No Value,No Value,NA,NA
8:35:03,4/10/2023,2,AK,Ag,M063,M041,M247,M212,NA,NA,NA,NA,AS,NA,NA,NA,No Value,No Value,No Value,No Value,NA,NA
8:41:46,4/10/2023,2,AK,Ag,M103,M044,M211,M031,NA,NA,NA,NA,AS,NA,NA,NA,No Value,No Value,No Value,No Value,NA,NA
8:59:56,4/10/2023,2,AK,Ag,M062,M228,NA,M146,NA,NA,NA,NA,AS,NA,NA,NA,No Value,No Value,No Value,No Value,NA,NA
9:08:00,4/10/2023,2,AK,Ag,M062,M212,M228,M035,NA,NA,NA,NA,AS,NA,NA,NA,No Value,No Value,No Value,No Value,NA,NA
9:14:46,4/10/2023,2,AK,Ag,M126,M200,NA,M247,NA,NA,NA,NA,AS,NA,NA,NA,No Value,No Value,No Value,No Value,NA,NA
9:31:07,4/10/2023,2,AK,Ag,M212,M211,NA,M225,NA,NA,NA,NA,AS,NA,NA,NA,No Value,No Value,No Value,No Value,NA,NA
10:46:06,4/10/2023,2,AK,Ag,M175,M132,NA,M308,NA,NA,NA,NA,AS,NA,NA,NA,No Value,No Value,No Value,No Value,NA,NA
12:37:54,4/10/2023,1,CC,Ag,M014,M066,NA,M308,NA,NA,NA,NA,AS,NA,NA,NA,No Value,No Value,No Value,No Value,NA,NA
8:19:35,4/11/2023,2,AK,Ag,M225,M212,NA,M043,NA,NA,NA,NA,AS,NA,NA,NA,No Value,No Value,No Value,No Value,NA,NA
8:25:35,4/11/2023,2,AK,Ag,M163,M247,NA,M200,NA,NA,Ag,NA,AS,NA,NA,NA,No Value,No Value,No Value,No Value,NA,NA
8:28:44,4/11/2023,2,AK,Ag,M007,M062,NA,M028,NA,NA,NA,NA,AS,NA,NA,NA,No Value,No Value,No Value,No Value,NA,NA
9:29:38,4/11/2023,2,AK,Ag,M132,M212,NA,M165,NA,NA,NA,NA,AS,NA,NA,NA,No Value,No Value,No Value,No Value,NA,NA
10:39:45,4/11/2023,2,AK,Ag,M001,M183,NA,M182,NA,NA,NA,NA,AS,NA,NA,NA,No Value,No Value,No Value,No Value,NA,NA
7:46:57,4/12/2023,1,CC,Ag,M026,NA,NA,M066,M101,M308,NA,NA,RS,NA,NA,NA,No Value,No Value,No Value,No Value,NA,NA
8:33:34,4/12/2023,2,AK,Ag,M132,M094,M212,M036,NA,NA,NA,NA,AS,NA,NA,NA,No Value,No Value,No Value,No Value,Another actor 8O5,NA
8:40:53,4/12/2023,2,AK,Ag,M009,M114,NA,M309,NA,NA,NA,NA,AS,NA,NA,NA,No Value,No Value,No Value,No Value,NA,NA
10:37:25,4/12/2023,1,CC,Ag,M121,M026,NA,M303,NA,NA,NA,NA,AS,NA,NA,NA,No Value,No Value,No Value,No Value,NA,NA
10:40:17,4/12/2023,1,CC,Ag,M022,NA,NA,M099,M133,NA,NA,NA,RS,NA,NA,NA,No Value,No Value,No Value,No Value,NA,NA
8:16:11,4/13/2023,2,AK,Ag,M212,M062,M044,M142,NA,NA,NA,NA,AS,NA,NA,NA,No Value,No Value,No Value,No Value,NA,NA
9:21:10,4/13/2023,2,AK,Ag,M062,M212,NA,M155,NA,NA,NA,NA,AS,NA,NA,NA,No Value,No Value,No Value,No Value,NA,NA
10:28:37,4/13/2023,2,AK,Ag,M212,M200,NA,M187,NA,NA,NA,NA,AS,NA,NA,NA,No Value,No Value,No Value,No Value,NA,NA
8:30:20,4/14/2023,2,AK,Ag,M031,M211,M170,M019,NA,NA,NA,NA,AS,NA,NA,NA,No Value,No Value,No Value,No Value,NA,NA
8:38:14,4/14/2023,2,AK,Ag,M063,M211,NA,M031,NA,NA,NA,NA,AS,NA,NA,NA,No Value,No Value,No Value,No Value,NA,NA
9:06:12,4/14/2023,2,AK,Ag,M058,M200,NA,M166,NA,NA,NA,NA,AS,NA,NA,NA,No Value,No Value,No Value,No Value,NA,NA
10:14:15,4/14/2023,2,AK,Ag,M126,M053,M007,M044,NA,NA,NA,NA,AS,NA,NA,NA,No Value,No Value,No Value,No Value,2 FUN also aggressor assisted,NA
12:43:30,4/14/2023,2,AK,Ag,M228,M187,NA,M031,NA,NA,NA,NA,AS,NA,NA,NA,No Value,No Value,No Value,No Value,NA,NA
9:42:19,4/18/2023,1,CC,Ag,M202,M143,NA,M078,NA,NA,NA,NA,AS,NA,NA,NA,No Value,No Value,No Value,No Value,NA,NA
9:52:17,4/18/2023,1,CC,Ag,M161,M030,NA,M308,NA,NA,NA,NA,AS,NA,NA,NA,No Value,No Value,No Value,No Value,NA,NA
8:43:56,4/21/2023,2,AK,Ag,M062,M211,M212,M309,NA,NA,NA,NA,AS,NA,NA,NA,No Value,No Value,No Value,No Value,Actor 4 6i9,NA
10:29:15,4/21/2023,2,AK,Ag,M138,M187,NA,M148,NA,NA,NA,NA,AS,NA,NA,NA,No Value,No Value,No Value,No Value,NA,NA
7:38:24,4/24/2023,1,CC,Ag,M013,M066,NA,M030,M143,NA,NA,NA,AS-RS,NA,NA,NA,No Value,No Value,No Value,No Value,NA,NA
8:14:44,4/24/2023,2,AK,Ag,M303,M094,M114,M062,NA,NA,NA,NA,AS,NA,NA,NA,No Value,No Value,No Value,No Value,2 more MUNS involved in Ag,NA
9:42:44,4/24/2023,2,AK,Ag,M211,M187,NA,M138,NA,NA,NA,NA,AS,NA,NA,NA,No Value,No Value,No Value,No Value,NA,NA
10:07:28,4/24/2023,2,AK,Ag,M063,M187,M103,M031,NA,NA,NA,NA,AS,NA,NA,NA,No Value,No Value,No Value,No Value,Another actor 8X7,NA
10:15:41,4/24/2023,2,AK,Ag,M187,M063,NA,M035,NA,NA,NA,NA,AS,NA,NA,NA,No Value,No Value,No Value,No Value,NA,NA
10:57:51,4/24/2023,2,AK,Ag,M228,M225,NA,M025,NA,NA,NA,NA,AS,NA,NA,NA,No Value,No Value,No Value,No Value,NA,NA
11:00:19,4/24/2023,1,CC,Ag,M105,M097,NA,M303,NA,NA,NA,NA,AS,NA,NA,NA,No Value,No Value,No Value,No Value,NA,NA
11:01:04,4/24/2023,2,AK,Ag,M228,M225,NA,M010,NA,NA,NA,NA,AS,NA,NA,NA,No Value,No Value,No Value,No Value,NA,NA
9:27:40,4/25/2023,1,CC,Ag,M006,M022,NA,M303,NA,NA,NA,NA,AS,NA,NA,NA,No Value,No Value,No Value,No Value,NA,NA
10:40:08,4/25/2023,1,CC,Ag,M022,M030,NA,M303,NA,NA,NA,NA,AS,NA,NA,NA,No Value,No Value,No Value,No Value,NA,NA
12:52:41,4/25/2023,1,CC,Ag,M030,M209,NA,M192,NA,NA,NA,NA,AS,NA,NA,NA,No Value,No Value,No Value,No Value,NA,NA
8:53:31,4/26/2023,1,CC,Ag,M161,M101,NA,M202,NA,NA,NA,NA,AS,NA,NA,NA,No Value,No Value,No Value,No Value,NA,NA
9:32:31,4/26/2023,1,CC,Ag,M185,M141,M303,M308,NA,NA,NA,NA,AS,NA,NA,NA,No Value,No Value,No Value,No Value,NA,NA
10:41:45,4/26/2023,1,CC,Ag,M151,M064,NA,M121,NA,NA,NA,NA,AS,NA,NA,NA,No Value,No Value,No Value,No Value,NA,NA
9:46:29,4/27/2023,1,CC,Ag,M027,M162,NA,M303,NA,NA,NA,NA,AS,NA,NA,NA,No Value,No Value,No Value,No Value,NA,NA
11:44:44,4/27/2023,1,CC,Ag,M141,M006,M097,M303,NA,NA,NA,NA,AS,NA,NA,NA,No Value,No Value,No Value,No Value,NA,NA
7:48:55,5/1/2023,2,AK,Ag,M009,M200,M303,M303,NA,NA,NA,NA,AS,NA,NA,NA,No Value,No Value,No Value,No Value,NA,NA
8:01:26,5/1/2023,2,AK,Ag,M020,M053,NA,M163,NA,NA,NA,NA,AS,NA,NA,NA,No Value,No Value,No Value,No Value,NA,NA
8:23:37,5/1/2023,1,CC,Ag,M161,M202,NA,M303,NA,NA,NA,NA,AS,NA,NA,NA,No Value,No Value,No Value,No Value,NA,NA
9:05:26,5/1/2023,2,AK,Ag,M114,M103,NA,M175,NA,NA,NA,NA,AS,NA,NA,NA,No Value,No Value,No Value,No Value,NA,NA
9:49:25,5/1/2023,2,AK,Ag,M187,M068,NA,M146,M031,M210,NA,NA,AS-RS,NA,NA,NA,No Value,No Value,No Value,No Value,NA,NA
10:31:56,5/1/2023,2,AK,Ag,M225,M228,NA,M193,NA,NA,NA,NA,AS,NA,NA,NA,No Value,No Value,No Value,No Value,NA,NA
10:45:45,5/1/2023,1,CC,Ag,M014,M064,NA,M156,NA,NA,NA,NA,AS,NA,NA,NA,No Value,No Value,No Value,No Value,NA,NA
10:53:43,5/1/2023,1,CC,Ag,M223,M161,NA,M303,NA,NA,NA,NA,AS,NA,NA,NA,No Value,No Value,No Value,No Value,NA,NA
11:56:36,5/1/2023,1,CC,Ag,M066,M030,NA,M140,M156,NA,NA,NA,AS-RS,NA,NA,NA,No Value,No Value,No Value,No Value,NA,NA
13:17:28,5/1/2023,1,CC,Ag,M101,M006,NA,M037,M133,NA,NA,NA,AS-RS,NA,NA,NA,No Value,No Value,No Value,No Value,NA,NA
7:52:06,5/2/2023,2,AK,Ag,M211,M170,M010,M160,NA,NA,NA,NA,AS,NA,NA,NA,No Value,No Value,No Value,No Value,NA,NA
7:59:55,5/2/2023,2,AK,Ag,M227,M246,NA,M028,NA,NA,NA,NA,AS,NA,NA,NA,No Value,No Value,No Value,No Value,NA,NA
13:58:32,5/2/2023,2,AK,Ag,M147,M036,NA,M308,NA,NA,NA,NA,AS,NA,NA,NA,No Value,No Value,No Value,No Value,MUN 6V4,NA
8:45:08,5/3/2023,1,CC,Ag,M013,M006,NA,M303,NA,NA,NA,NA,AS,NA,NA,NA,No Value,No Value,No Value,No Value,NA,NA
9:18:28,5/3/2023,1,CC,Ag,M100,M141,NA,M308,NA,NA,NA,NA,AS,NA,NA,NA,No Value,No Value,No Value,No Value,NA,NA
7:58:18,5/5/2023,1,CC,Ag,M154,NA,NA,M095,M022,NA,NA,NA,RS,NA,NA,NA,No Value,No Value,No Value,No Value,NA,NA
13:12:03,5/5/2023,1,CC,Ag,M141,M223,NA,M303,NA,NA,NA,NA,AS,NA,NA,NA,No Value,No Value,No Value,No Value,NA,NA
8:48:59,5/8/2023,1,CC,Ag,M059,M161,NA,M116,M303,NA,NA,NA,AS,NA,NA,NA,No Value,No Value,No Value,No Value,NA,NA
9:05:56,5/8/2023,1,CC,Ag,M066,M133,NA,M303,NA,NA,NA,NA,AS,NA,NA,NA,No Value,No Value,No Value,No Value,NA,NA
9:13:57,5/8/2023,1,CC,Ag,M162,M161,NA,M303,M303,M303,NA,NA,AS,NA,NA,NA,No Value,No Value,No Value,No Value,NA,NA
9:46:32,5/8/2023,1,CC,Ag,M173,M116,NA,M092,NA,NA,NA,NA,AS,NA,NA,NA,No Value,No Value,No Value,No Value,NA,NA
9:47:20,5/8/2023,1,CC,Ag,M066,NA,NA,M146,M092,NA,NA,NA,RS,NA,NA,NA,No Value,No Value,No Value,No Value,NA,NA
9:56:32,5/8/2023,1,CC,Ag,M037,M076,M092,M026,NA,NA,NA,NA,AS,NA,NA,NA,No Value,No Value,No Value,No Value,NA,NA
10:37:00,5/8/2023,1,CC,Ag,M013,M026,M066,M112,NA,NA,NA,NA,AS,NA,NA,NA,No Value,No Value,No Value,No Value,NA,NA
10:21:35,5/9/2023,1,CC,Ag,M078,M092,NA,M303,NA,NA,NA,NA,AS,NA,NA,NA,No Value,No Value,No Value,No Value,NA,NA
9:20:06,5/10/2023,1,CC,Ag,M161,M075,NA,M064,NA,NA,NA,NA,AS,NA,NA,NA,No Value,No Value,No Value,No Value,NA,NA
9:23:57,5/10/2023,1,CC,Ag,M169,M092,NA,M303,NA,NA,NA,NA,AS,NA,NA,NA,No Value,No Value,No Value,No Value,NA,NA
9:46:51,5/10/2023,1,CC,Ag,M066,M030,NA,M303,M303,M303,NA,NA,AS,NA,NA,NA,No Value,No Value,No Value,No Value,NA,NA
13:49:01,5/10/2023,1,CC,Ag,M030,M090,NA,M093,NA,NA,NA,NA,AS,NA,NA,NA,No Value,No Value,No Value,No Value,NA,NA
8:29:22,5/12/2023,1,CC,Ag,M075,M140,NA,M308,NA,NA,NA,NA,AS,NA,NA,NA,No Value,No Value,No Value,No Value,NA,NA
8:38:05,5/12/2023,1,CC,Ag,M185,M049,NA,M066,NA,NA,NA,NA,AS,NA,NA,NA,No Value,No Value,No Value,No Value,NA,NA
9:27:57,5/12/2023,1,CC,Ag,M027,M049,NA,M303,M303,NA,NA,NA,AS,NA,NA,NA,No Value,No Value,No Value,No Value,NA,NA
13:34:30,5/12/2023,1,CC,Ag,M030,M080,NA,M303,NA,NA,NA,NA,AS,NA,NA,NA,No Value,No Value,No Value,No Value,NA,NA
9:34:53,5/15/2023,1,CC,Ag,M075,M145,NA,M308,M308,NA,NA,NA,AS,NA,NA,NA,No Value,No Value,No Value,No Value,NA,NA
9:56:51,5/15/2023,1,CC,Ag,M303,NA,NA,M145,M076,NA,NA,NA,RS,NA,NA,NA,No Value,No Value,No Value,No Value,NA,NA
9:58:49,5/15/2023,1,CC,Ag,M076,M188,NA,M303,NA,NA,NA,NA,AS,NA,NA,NA,No Value,No Value,No Value,No Value,NA,NA
7:53:43,5/16/2023,1,CC,Ag,M042,M030,NA,M095,NA,NA,NA,NA,AS,NA,NA,NA,No Value,No Value,No Value,No Value,NA,NA
8:21:26,5/16/2023,1,CC,Ag,M303,M303,M308,M223,M209,NA,NA,NA,RS,NA,NA,NA,No Value,No Value,No Value,No Value,NA,NA
8:54:03,5/16/2023,1,CC,Ag,M156,M161,NA,M303,M303,NA,NA,NA,AS,NA,NA,NA,No Value,No Value,No Value,No Value,NA,NA
12:48:31,2/9/2024,1,WR,Ag,M059,M101,NA,M075,NA,NA,T,NA,AS,NA,NA,NA,NA,NA,NA,NA,NA,NA
13:05:48,2/12/2024,1,WR,Ag,M011,M105,NA,M059,M185,NA,NA,NA,AS,NA,NA,NA,NA,NA,NA,NA,NA,NA
8:54:16,2/13/2024,1,WR,Ag,M189,M078,NA,M014,NA,NA,NA,NA,AS,NA,NA,NA,NA,NA,NA,NA,NA,NA
12:01:59,2/13/2024,1,WR,Ag,M154,NA,NA,M093,M048,NA,NA,NA,RS,NA,NA,NA,NA,NA,NA,NA,NA,NA
11:02:30,2/14/2024,1,WR,Ag,M059,M101,NA,M083,NA,NA,NA,NA,AS,NA,NA,NA,NA,NA,NA,NA,NA,NA
12:36:32,2/14/2024,1,WR,Ag,M169,NA,NA,M168,M176,NA,NA,NA,RS,NA,NA,NA,NA,NA,NA,NA,NA,NA
8:16:19,2/15/2024,2,JF,Ag,M001,M063,NA,M010,NA,NA,NA,NA,AS,NA,NA,NA,NA,NA,No Value,No Value,"Actor1 M001
RecoeverReceiver 2nd photo",NA
8:44:57,2/16/2024,2,JF,Ag,M132,M175,NA,M025,NA,NA,F,NA,AS,NA,NA,NA,NA,NA,No Value,No Value,Receiver-5th photo,NA
8:16:41,2/20/2024,2,JF,Ag,M098,M131,NA,M309,NA,NA,R,NA,AS,NA,NA,NA,NA,NA,No Value,No Value,"Actor 5G3
Actor 2 2nd photo",NA
9:23:06,2/20/2024,2,JF,Ag,M067,M207,NA,M063,NA,NA,NA,NA,AS,NA,NA,NA,NA,NA,No Value,No Value,Actor 2 9Z7,NA
8:46:55,2/27/2024,1,WR,Ag,M037,M111,NA,M309,NA,NA,NA,NA,AS,NA,NA,NA,NA,NA,NA,NA,NA,NA
13:12:51,2/29/2024,1,WR,Ag,M178,M111,NA,M309,NA,NA,NA,NA,AS,NA,NA,NA,NA,NA,NA,NA,NA,NA
9:53:23,3/13/2024,1,WR,Ag,M042,M078,NA,M309,M303,NA,NA,NA,AS,NA,NA,NA,NA,NA,NA,NA,NA,NA
8:40:01,3/15/2024,1,WR,Ag,M026,M011,NA,M309,NA,NA,NA,NA,AS,NA,NA,NA,NA,NA,NA,NA,NA,NA
11:07:08,3/19/2024,1,WR,Ag,M076,M074,NA,M048,NA,NA,NA,NA,AS,NA,NA,NA,NA,NA,NA,NA,NA,NA
8:16:25,3/20/2024,2,KP,Ag,M062,M200,NA,M309,NA,NA,Ag,NA,AS,NA,NA,NA,NA,NA,No Value,No Value,The second aggressor was 9k9,NA
11:22:11,3/20/2024,1,WR,Ag,M011,M105,NA,M169,NA,NA,NA,NA,AS,NA,NA,NA,NA,NA,NA,NA,NA,NA
10:39:36,3/25/2024,1,WR,Ag,M156,M150,NA,M169,NA,NA,NA,NA,AS,NA,NA,NA,NA,NA,NA,NA,NA,NA
8:13:19,3/26/2024,1,WR,Ag,M083,M014,NA,M309,NA,NA,NA,NA,AS,NA,NA,NA,NA,NA,NA,NA,NA,NA
8:49:58,3/26/2024,2,KP,Ag,M001,M044,M309,M121,NA,NA,CoAg,NA,AS,NA,NA,NA,NA,NA,No Value,No Value,"M001, 2N8, and unknown where the aggressors. Towards 5Y0",NA
8:57:35,3/26/2024,2,KP,Ag,M175,M001,M041,M309,NA,NA,CoAg,NA,AS,NA,NA,NA,NA,NA,No Value,No Value,M001 was one of the males,NA
11:11:56,3/26/2024,1,WR,Ag,M026,M143,NA,M309,M309,NA,CoAg,NA,AS,NA,NA,NA,NA,NA,NA,NA,NA,NA
11:56:12,3/27/2024,1,WR,Ag,M059,M223,NA,M192,NA,NA,NA,NA,AS,NA,NA,NA,NA,NA,NA,NA,NA,NA
8:14:15,3/28/2024,2,KP,Ag,M020,M163,M103,M309,M309,NA,CoAg,NA,AS,NA,NA,NA,NA,NA,No Value,No Value,NA,NA
8:59:28,3/28/2024,1,WR,Ag,M011,M140,NA,M309,M309,NA,NA,NA,AS,NA,NA,NA,NA,NA,NA,NA,NA,NA
8:03:05,3/29/2024,1,WR,Ag,M011,M078,NA,M111,M309,NA,NA,NA,AS,NA,NA,NA,NA,NA,NA,NA,NA,NA
10:13:53,4/1/2024,1,WR,Ag,M011,M059,NA,M309,M303,NA,NA,NA,AS-RS,NA,NA,NA,NA,NA,NA,NA,NA,NA
11:13:48,4/1/2024,1,WR,Ag,M140,M105,NA,M309,NA,NA,NA,NA,AS,NA,NA,NA,NA,NA,NA,NA,NA,NA
8:34:34,4/3/2024,2,KP,Ag,M063,M001,NA,M303,NA,NA,CoAg,NA,AS,NA,NA,NA,NA,NA,No Value,No Value,MUN is M001,NA
9:24:03,4/3/2024,2,KP,Ag,M067,M227,NA,M309,NA,NA,CoAg,NA,AS,NA,NA,NA,NA,NA,No Value,No Value,NA,NA
10:00:12,4/4/2024,2,KP,Ag,M020,M103,M063,M309,NA,NA,F,NA,AS,NA,NA,NA,NA,NA,No Value,No Value,NA,NA
10:43:35,4/4/2024,1,WR,Ag,M143,M011,NA,M309,NA,NA,NA,NA,AS,NA,NA,NA,NA,NA,NA,NA,NA,NA
9:24:46,4/5/2024,1,WR,Ag,M213,M252,NA,M308,NA,NA,NA,NA,AS,NA,NA,NA,NA,NA,NA,NA,NA,NA
9:40:08,4/5/2024,2,KP,Ag,M007,M103,M163,M309,NA,NA,T,NA,AS,NA,NA,NA,NA,NA,No Value,No Value,NA,NA
9:46:11,4/5/2024,1,WR,Ag,M011,M048,NA,M042,NA,NA,NA,NA,AS,NA,NA,NA,NA,NA,NA,NA,NA,NA
10:22:43,4/5/2024,2,KP,Ag,M062,M138,NA,M309,NA,NA,F,NA,AS,NA,NA,NA,NA,NA,No Value,No Value,NA,NA
8:37:37,4/8/2024,2,KP,Ag,M007,M160,NA,M166,NA,NA,T,NA,AS,NA,NA,NA,NA,NA,No Value,No Value,MUN = 7D7,NA
9:38:23,4/9/2024,1,WR,Ag,M105,M111,NA,M309,NA,NA,NA,NA,AS,NA,NA,NA,NA,NA,NA,NA,NA,NA
10:16:12,4/10/2024,2,KP,Ag,M211,M200,M058,M309,NA,NA,R,NA,AS,NA,NA,NA,NA,NA,No Value,No Value,NA,NA
12:37:18,4/10/2024,1,WR,Ag,M205,M176,NA,M192,NA,NA,NA,NA,AS,NA,NA,NA,NA,NA,NA,NA,NA,NA
10:57:07,4/11/2024,1,WR,Ag,M076,M011,NA,M140,NA,NA,NA,NA,AS,NA,NA,NA,NA,NA,NA,NA,NA,NA
8:54:44,1/27/2025,2,Katarina,Ag,M309,M062,M063,M308,NA,NA,CoAg,NA,AS,NA,NA,NA,NA,NA,NA,NA,NA,NA
8:59:44,1/27/2025,2,Katarina,Ag,M025,M098,NA,M207,NA,NA,T,NA,AS,NA,NA,NA,NA,NA,NA,NA,5G3 + 1R8 going for 9Z7,NA
8:26:53,1/29/2025,2,Katarina,Ag,M062,M044,M063,M309,NA,NA,CoAg,NA,AS,NA,NA,NA,NA,NA,NA,NA,NA,NA
10:05:59,1/29/2025,2,Katarina,Ag,M103,M041,NA,M309,NA,NA,F,NA,AS,NA,NA,NA,NA,NA,NA,NA,NA,NA
10:34:25,1/29/2025,2,Katarina,Ag,M041,M132,NA,M077,NA,NA,R,NA,AS,NA,NA,NA,NA,NA,NA,NA,NA,NA
10:19:56,1/30/2025,2,Katarina,Ag,M132,M077,NA,M308,NA,NA,CoAg,NA,AS,NA,NA,NA,NA,NA,NA,NA,NA,NA
10:21:11,1/30/2025,2,Katarina,Ag,M025,M077,NA,M303,NA,NA,T,NA,AS,NA,NA,NA,NA,NA,NA,NA,NA,NA
11:36:48,1/30/2025,2,Katarina,Ag,M020,M062,M175,M044,NA,NA,CoAg,NA,AS,NA,NA,NA,NA,NA,NA,NA,NA,NA
10:25:51,2/3/2025,2,Katarina,Ag,M007,M182,M200,M023,NA,NA,CoAg,NA,AS,NA,NA,NA,NA,NA,NA,NA,Mun = 1J2,NA
13:31:08,2/3/2025,2,Katarina,Ag,M163,M067,NA,M309,NA,NA,CoAg,NA,AS,NA,NA,NA,NA,NA,NA,NA,NA,NA
10:17:26,2/4/2025,2,Katarina,Ag,M132,M025,NA,M303,NA,NA,CoAg,NA,AS,NA,NA,NA,NA,NA,NA,NA,NA,NA
9:10:20,2/5/2025,2,Katarina,Ag,M163,M062,M309,M309,NA,NA,CoAg,NA,AS,NA,NA,NA,NA,NA,NA,NA,NA,NA
13:15:43,2/5/2025,2,Katarina,Ag,M077,M132,NA,M309,NA,NA,CoAg,NA,AS,NA,NA,NA,NA,NA,NA,NA,NA,NA
13:24:36,2/5/2025,2,Katarina,Ag,M138,M007,NA,M303,NA,NA,T,NA,AS,NA,NA,NA,NA,NA,NA,NA,NA,NA
10:15:21,2/6/2025,2,Katarina,Ag,M007,M182,M103,M001,NA,NA,CoAg,NA,AS,NA,NA,NA,NA,NA,NA,NA,Mun = M001,NA
10:16:16,2/6/2025,2,Katarina,Ag,M132,M063,M062,M001,NA,NA,CoAg,NA,AS,NA,NA,NA,NA,NA,NA,NA,Mun M001,NA
11:18:55,2/6/2025,2,Katarina,Ag,M103,M138,NA,M303,NA,NA,CoAg,NA,AS,NA,NA,NA,NA,NA,NA,NA,NA,NA
9:53:21,2/10/2025,2,Katarina,Ag,M020,M053,NA,M303,NA,NA,F,NA,AS,NA,NA,NA,NA,NA,NA,NA,Mun = 33t,NA
11:47:42,2/10/2025,2,Katarina,Ag,M041,M058,NA,M309,NA,NA,R,NA,AS,NA,NA,NA,NA,NA,NA,NA,NA,NA
10:02:52,2/11/2025,2,Katarina,Ag,M007,M020,M010,M062,NA,NA,CoAg,NA,AS,NA,NA,NA,NA,NA,NA,NA,NA,NA
10:09:02,2/11/2025,2,Katarina,Ag,M041,M200,NA,M309,NA,NA,CoAg,NA,AS,NA,NA,NA,NA,NA,NA,NA,NA,NA
10:14:07,2/11/2025,2,Katarina,Ag,M103,M063,M041,M066,NA,NA,R,NA,AS,NA,NA,NA,NA,NA,NA,NA,Mun 3p5,NA
10:27:51,2/11/2025,2,Katarina,Ag,M175,NA,NA,M041,M138,NA,F,NA,RS,NA,NA,NA,NA,NA,NA,NA,NA,NA
10:31:11,2/11/2025,2,Katarina,Ag,M041,M138,M103,M303,NA,NA,CoAg,NA,RS,NA,NA,NA,NA,NA,NA,NA,NA,NA
8:32:11,2/17/2025,2,Katarina,Ag,M175,M142,M020,M309,NA,NA,CoAg,NA,AS,NA,NA,NA,NA,NA,NA,NA,NA,NA
8:42:34,2/17/2025,2,Katarina,Ag,M041,M062,M200,M067,NA,NA,CoAg,NA,AS,NA,NA,NA,NA,NA,NA,NA,NA,NA
9:39:19,2/17/2025,2,Katarina,Ag,M077,M132,NA,M182,NA,NA,CoAg,NA,AS,NA,NA,NA,NA,NA,NA,NA,NA,NA
10:31:43,2/17/2025,2,Katarina,Ag,M010,M138,NA,M309,NA,NA,F,NA,AS,NA,NA,NA,NA,NA,NA,NA,NA,NA
7:47:02,2/18/2025,2,Katarina,Ag,M001,M020,NA,M309,NA,NA,CoAg,NA,AS,NA,NA,NA,NA,NA,NA,NA,NA,NA
9:35:58,2/18/2025,2,Katarina,Ag,M053,M020,NA,M063,NA,NA,CoAg,NA,AS,NA,NA,NA,NA,NA,NA,NA,NA,NA
9:42:54,2/18/2025,2,Katarina,Ag,M001,M062,NA,M163,NA,NA,T,NA,AS,NA,NA,NA,NA,NA,NA,NA,NA,NA
11:38:14,2/18/2025,2,Katarina,Ag,M041,M200,NA,M309,NA,NA,T,NA,AS,NA,NA,NA,NA,NA,NA,NA,NA,NA
12:44:50,2/18/2025,1,Holly,Ag,M309,M105,M042,M309,NA,NA,R,NA,AS,NA,NA,NA,NA,NA,NA,NA,NA,NA
13:39:09,2/18/2025,2,Katarina,Ag,M041,M103,M200,M309,NA,NA,CoAg,NA,AS,NA,NA,NA,NA,NA,NA,NA,NA,NA
10:22:43,2/19/2025,1,Holly,Ag,M140,M115,NA,M101,NA,NA,T,NA,AS,NA,NA,NA,NA,NA,NA,NA,NA,NA
9:36:49,2/20/2025,2,Katarina,Ag,M053,M020,NA,M062,NA,NA,CoAg,NA,AS,NA,NA,NA,NA,NA,NA,NA,NA,NA
8:52:21,2/21/2025,2,Katarina,Ag,M053,M020,M175,M062,NA,NA,F,NA,AS,NA,NA,NA,NA,NA,NA,NA,NA,NA
9:41:29,2/21/2025,2,Katarina,Ag,M053,M020,NA,M309,NA,NA,F,NA,AS,NA,NA,NA,NA,NA,NA,NA,NA,NA
9:30:06,2/24/2025,1,Holly,Ag,M253,M078,M309,M309,NA,NA,F,NA,AS,NA,NA,NA,NA,NA,NA,NA,NA,NA
9:25:02,2/26/2025,2,Katarina,Ag,M020,M063,M103,M309,NA,NA,CoAg,NA,AS,NA,NA,NA,NA,NA,NA,NA,NA,NA
13:12:37,3/4/2025,1,Holly,Ag,M223,M157,M253,M309,NA,NA,R,NA,AS,NA,NA,NA,NA,NA,NA,NA,NA,NA
9:26:59,3/11/2025,2,Katarina,Ag,M041,M062,M103,M200,NA,NA,R,NA,AS,NA,NA,NA,NA,NA,NA,NA,NA,NA
8:48:30,3/12/2025,2,Katarina,Ag,M041,M142,M200,M138,NA,NA,CoAg,NA,AS,NA,NA,NA,NA,NA,NA,NA,NA,NA
11:42:29,3/12/2025,2,Katarina,Ag,M041,M103,NA,M062,NA,NA,CoAg,NA,AS,NA,NA,NA,NA,NA,NA,NA,NA,NA
11:25:17,3/13/2025,2,Katarina,Ag,M067,M077,NA,M309,NA,NA,CoAg,NA,AS,NA,NA,NA,NA,NA,NA,NA,NA,NA
12:46:10,3/13/2025,1,Holly,Ag,M223,M097,NA,M303,NA,NA,Ag,NA,AS,NA,NA,NA,NA,NA,NA,NA,NA,NA
9:46:08,3/17/2025,1,Holly,Ag,M192,M232,NA,M303,NA,NA,R,NA,AS,NA,NA,NA,NA,NA,NA,NA,NA,NA
9:59:24,3/17/2025,1,Holly,Ag,M016,M192,M303,M309,NA,NA,R,NA,AS,NA,NA,NA,NA,NA,NA,NA,NA,NA
7:58:10,3/19/2025,1,Holly,Ag,M253,M223,M309,M309,NA,NA,R,NA,AS,NA,NA,NA,NA,NA,NA,NA,NA,NA
11:44:14,3/19/2025,2,Katarina,Ag,M062,M041,NA,M309,NA,NA,CoAg,NA,AS,NA,NA,NA,NA,NA,NA,NA,NA,NA
12:25:04,3/19/2025,2,Katarina,Ag,M041,M025,NA,M007,NA,NA,CoAg,NA,AS,NA,NA,NA,NA,NA,NA,NA,NA,NA
12:49:05,3/19/2025,2,Katarina,Ag,M227,M062,M142,M225,NA,NA,CoAg,NA,AS,NA,NA,NA,NA,NA,NA,NA,NA,NA
12:55:19,3/19/2025,2,Katarina,Ag,M062,M041,NA,M025,NA,NA,CoAg,NA,AS,NA,NA,NA,NA,NA,NA,NA,NA,NA
8:20:32,3/20/2025,2,Katarina,Ag,M211,M175,M132,M066,NA,NA,R,NA,AS,NA,NA,NA,NA,NA,NA,NA,NA,NA
9:05:24,3/20/2025,2,Katarina,Ag,M200,M044,NA,M063,NA,NA,F,NA,AS,NA,NA,NA,NA,NA,NA,NA,NA,NA
9:54:55,12/3/2024,1,WR,Ag,M120,NA,NA,M011,M151,NA,NA,NA,RS,NA,NA,NA,NA,NA,NA,NA,NA,NA
8:05:50,26/02/2024,1,WR,Ag,M026,M189,NA,M078,NA,NA,CoAg,NA,AS,NA,NA,NA,NA,NA,NA,NA,NA,NA
13:57:40,3/13/2023,1,CC,M,M093,NA,NA,M097,NA,NA,Co-Ag,NA,No Value,NA,PE,NA,3,2,No Value,5,NA,NA
8:17:53,3/14/2023,1,CC,M,M141,NA,NA,M221,NA,NA,R,NA,No Value,NA,NA,NA,2,9,No Value,23,NA,NA
8:43:10,3/14/2023,1,CC,M,M080,NA,NA,M154,NA,NA,R,NA,No Value,NoIntro,NoPE,NoEjac,2,4,No Value,4,NA,NA
9:21:29,3/14/2023,1,CC,M,M145,NA,NA,M140,NA,NA,Co-Ag,NA,No Value,NA,2PE,NA,6,1,No Value,9,NA,NA
8:30:47,3/16/2023,1,CC,M,M133,NA,NA,M173,NA,NA,Co-Ag,NA,No Value,NA,2PE,NA,4,4,0,5,NA,NA
8:48:59,3/17/2023,1,CC,M,M173,NA,NA,M242,NA,NA,Co-Ag,NA,No Value,NA,PE,NA,4,NA,NA,NA,NA,NA
8:49:27,3/17/2023,1,CC,M,M173,NA,NA,M242,NA,NA,R,NA,No Value,NA,PE,NA,9,NA,NA,NA,NA,NA
8:53:45,3/17/2023,1,CC,M,M133,NA,NA,M173,NA,NA,NA,IgnoreRejection,No Value,NA,NA,NA,No Value,No Value,No Value,No Value,NA,NA
8:56:02,3/17/2023,1,CC,M,M198,NA,NA,M066,NA,NA,R,NA,No Value,NA,PE,Ejac,11,NA,NA,NA,NA,NA
10:16:07,3/17/2023,1,CC,M,M049,NA,NA,M146,NA,NA,R,NA,No Value,NA,2PE,NA,5,10,0,23,NA,NA
8:51:54,3/19/2023,1,CC,M,M168,NA,NA,M162,NA,NA,R,NA,No Value,Intro,2PE,Ejac,7,1,0,1,NA,NA
8:52:40,3/19/2023,1,CC,M,M168,NA,NA,M202,NA,NA,R,NA,No Value,Intro,2PE,NA,12,1,0,1,NA,NA
12:29:22,3/19/2023,1,CC,M,M151,NA,NA,M105,NA,NA,Gr,NA,No Value,NA,PE,NA,2,2,0,6,NA,NA
12:40:11,3/19/2023,2,AK,M,M212,NA,NA,M246,NA,NA,Gr,NA,No Value,NA,PE,NA,4,0,0,2,NA,NA
12:47:15,3/19/2023,2,AK,M,M212,NA,NA,M246,NA,NA,NA,NA,No Value,NA,NA,NA,No Value,No Value,No Value,No Value,App issue did not save counts/ status,NA
12:49:35,3/19/2023,2,AK,M,M212,NA,NA,M246,NA,NA,NA,NA,No Value,NA,NA,NA,No Value,No Value,No Value,No Value,App issue did not save counts/ status,NA
13:15:26,3/19/2023,1,CC,M,M223,NA,NA,M116,NA,NA,Gr,NA,No Value,Intro,PE,NoEjac,7,NA,NA,NA,NA,NA
13:34:00,3/19/2023,1,CC,M,M208,NA,NA,M037,NA,NA,Gr,NA,No Value,NA,NA,NA,10,NA,NA,NA,NA,NA
12:40:24,3/20/2023,1,CC,M,M192,NA,NA,M168,NA,NA,Gr,NA,No Value,NA,NA,NA,2,3,0,8,NA,NA
13:08:38,3/20/2023,2,AK,M,M041,NA,NA,M245,NA,NA,Gr,NA,No Value,NoIntro,PE,NoEjac,3,0,0,0,NA,NA
13:13:53,3/20/2023,1,CC,M,M143,NA,NA,M029,NA,NA,NA,IgnoreRejection,No Value,NA,NA,NA,No Value,No Value,No Value,No Value,NA,NA
8:46:53,3/21/2023,1,CC,M,M013,NA,NA,M014,NA,NA,Ag,NA,No Value,NA,NA,NA,3,3,0,5,NA,NA
10:46:04,3/21/2023,2,AK,M,M227,NA,NA,M246,NA,NA,Gr,NA,No Value,NoIntro,NoPE,NoEjac,2,1,1,5,NA,NA
11:27:12,3/21/2023,2,AK,M,M225,NA,NA,M262,NA,NA,CoAg,NA,No Value,Intro,PE,NoEjac,7,0,0,1,NA,NA
11:29:02,3/21/2023,2,AK,M,M225,NA,NA,M262,NA,NA,CoAg,NA,No Value,NoIntro,PE,NoEjac,6,0,0,1,NA,NA
12:50:21,3/21/2023,1,CC,M,M105,NA,NA,M026,NA,NA,Co-Ag,NA,No Value,NA,NA,NA,4,2,0,5,NA,NA
13:42:55,3/21/2023,2,AK,M,M228,NA,NA,M225,NA,NA,T,NA,No Value,NoIntro,NoPE,NoEjac,3,0,0,3,NA,NA
8:34:01,3/22/2023,1,CC,M,M093,NA,NA,M022,NA,NA,R,NA,No Value,NA,NA,NA,NA,NA,NA,NA,NA,NA
12:37:37,3/22/2023,1,CC,M,M014,NA,NA,M209,NA,NA,R,NA,No Value,NoIntro,PE,NoEjac,8,4,0,5,NA,NA
12:38:18,3/22/2023,1,CC,M,M209,NA,NA,M014,NA,NA,R,NA,No Value,NoIntro,2PE,NoEjac,4,4,0,5,NA,NA
9:24:18,3/22/2023,2,AK,M,M041,NA,NA,M245,NA,NA,CoAg,NA,No Value,NA,NA,NA,4,1,0,6,NA,NA
8:25:04,3/23/2023,1,CC,M,M076,NA,NA,M059,NA,NA,R,NA,No Value,NA,2PE,NoEjac,6,2,0,4,NA,NA
8:38:51,3/23/2023,1,CC,M,M161,NA,NA,M093,NA,NA,R,NA,No Value,NoIntro,PE,NoEjac,4,6,1,9,NA,NA
8:50:09,3/23/2023,2,AK,M,M212,NA,NA,M228,NA,NA,NA,NA,No Value,NoIntro,NoPE,NoEjac,4,0,0,4,NA,NA
11:45:53,3/23/2023,2,AK,M,M035,NA,NA,M267,NA,NA,Gr,NA,No Value,NoIntro,PE,NoEjac,3,4,0,6,NA,NA
8:04:48,3/26/2023,1,CC,M,M037,NA,NA,M252,NA,NA,Ag,NA,No Value,NoIntro,NoPE,NoEjac,3,6,0,8,NA,NA
8:12:46,3/26/2023,2,AK,M,M077,NA,NA,M261,NA,NA,NA,NA,No Value,NA,NA,NA,NA,NA,NA,NA,NA,NA
8:16:46,3/26/2023,2,AK,M,M077,NA,NA,M261,NA,NA,R,NA,No Value,NoIntro,PE,NoEjac,4,0,0,0,NA,NA
8:19:08,3/26/2023,2,AK,M,M166,NA,NA,M043,NA,NA,Gr,NA,No Value,NA,NA,NA,2,1,0,2,NA,NA
8:20:51,3/26/2023,2,AK,M,M166,NA,NA,M043,NA,NA,Gr,NA,No Value,NoIntro,NoPE,NoEjac,1,0,0,1,NA,NA
8:22:30,3/26/2023,2,AK,M,M166,NA,NA,M043,NA,NA,Gr,NA,No Value,NA,NoPE,NA,6,0,0,1,NA,NA
8:25:49,3/26/2023,2,AK,M,M166,NA,NA,M043,NA,NA,Gr,NA,No Value,NoIntro,RPE,NoEjac,1,0,0,2,NA,NA
8:26:21,3/26/2023,2,AK,M,M043,NA,NA,M166,NA,NA,Gr,NA,No Value,NoIntro,PE,NoEjac,8,0,0,3,NA,NA
8:04:55,3/27/2023,2,AK,M,M182,NA,NA,M264,NA,NA,Gr,NA,No Value,NA,PE,NA,5,8,NA,15,NA,NA
8:05:15,3/27/2023,2,AK,M,M182,NA,NA,M264,NA,NA,Gr,NA,No Value,NoIntro,PE,NoEjac,9,8,NA,12,NA,NA
8:06:59,3/27/2023,2,AK,M,M182,NA,NA,M264,NA,NA,R,NA,No Value,NA,PE,NA,10,3,NA,5,NA,NA
12:39:43,3/27/2023,2,AK,M,M166,NA,NA,M043,NA,NA,Gr,NA,No Value,NA,NA,NA,2,0,0,0,NA,NA
12:58:19,3/27/2023,2,AK,M,M166,NA,NA,M043,NA,NA,Gr,NA,No Value,NA,NA,NA,1,0,0,1,NA,NA
13:04:22,3/27/2023,2,AK,M,M166,NA,NA,M043,NA,NA,Gr,NA,No Value,NA,NA,NA,1,0,0,1,NA,NA
13:04:31,3/27/2023,2,AK,M,M166,NA,NA,M043,NA,NA,Gr,NA,No Value,NA,NA,NA,1,0,0,1,NA,NA
11:40:23,3/29/2023,2,AK,M,M166,NA,NA,M043,NA,NA,Gr,NA,No Value,NoIntro,PE,NoEjac,1,0,0,0,NA,NA
11:41:11,3/29/2023,2,AK,M,M166,NA,NA,M043,NA,NA,Gr,NA,No Value,NoIntro,PE,NoEjac,3,0,0,0,NA,NA
11:44:57,3/29/2023,2,AK,M,M166,NA,NA,M043,NA,NA,Gr,NA,No Value,NA,NA,NA,3,0,0,1,NA,NA
11:49:10,3/29/2023,2,AK,M,M166,NA,NA,M043,NA,NA,Gr,NA,No Value,Intro,PE,NoEjac,4,1,0,1,NA,NA
11:53:15,3/29/2023,2,AK,M,M166,NA,NA,M043,NA,NA,Gr,NA,No Value,NA,NA,NA,3,0,0,1,NA,NA
11:54:46,3/29/2023,2,AK,M,M166,NA,NA,M043,NA,NA,Gr,NA,No Value,NoIntro,NoPE,NoEjac,1,0,0,0,NA,NA
11:56:33,3/29/2023,2,AK,M,M166,NA,NA,M043,NA,NA,Gr,NA,No Value,NoIntro,RPE,NoEjac,2,0,0,0,NA,NA
12:15:24,3/29/2023,2,AK,M,M166,NA,NA,M043,NA,NA,Gr,NA,No Value,NA,NA,NA,2,0,0,0,NA,NA
12:17:24,3/29/2023,2,AK,M,M166,NA,NA,M043,NA,NA,T,NA,No Value,NA,NA,NA,2,0,0,0,NA,NA
12:20:51,3/29/2023,2,AK,M,M166,NA,NA,M043,NA,NA,Gr,NA,No Value,NA,PE,NoEjac,2,0,0,0,NA,NA
12:23:16,3/29/2023,2,AK,M,M166,NA,NA,M043,NA,NA,NA,NA,No Value,NA,NA,NA,1,0,0,0,NA,NA
9:52:35,3/30/2023,2,AK,M,M246,NA,NA,M267,NA,NA,T,NA,No Value,NA,NA,NA,10,2,2,7,NA,NA
13:59:01,3/30/2023,1,CC,M,M034,NA,NA,M140,NA,NA,Ag,NA,No Value,NoIntro,2PE,NoEjac,5,8,1,15,NA,NA
9:41:56,3/31/2023,2,AK,M,M166,NA,NA,M043,NA,NA,T,NA,No Value,NoIntro,NoPE,NoEjac,2,2,1,3,NA,NA
9:43:14,3/31/2023,2,AK,M,M166,NA,NA,M043,NA,NA,T,NA,No Value,NoIntro,NoPE,NoEjac,3,2,1,3,NA,NA
14:03:51,4/4/2023,2,AK,M,M166,NA,NA,M043,NA,NA,Aff,NA,No Value,NoIntro,PE,NoEjac,1,0,0,0,NA,NA
14:05:17,4/4/2023,2,AK,M,M166,NA,NA,M043,NA,NA,Aff,NA,No Value,NA,NA,NA,4,1,0,2,NA,NA
14:07:45,4/4/2023,2,AK,M,M166,NA,NA,M043,NA,NA,Gr,NA,No Value,NA,NA,NA,3,1,0,2,NA,NA
8:26:13,4/10/2023,2,AK,M,M041,NA,NA,M007,NA,NA,CoAg,NA,No Value,NoIntro,NoPE,NoEjac,1,0,0,1,Part of coagg against ai1,NA
8:36:40,4/10/2023,2,AK,M,M212,NA,NA,M247,NA,NA,Ag,NA,No Value,NoIntro,NoPE,NoEjac,2,1,0,1,Aggressive calling at BX3 then went up and Med,NA
7:57:45,4/11/2023,2,AK,M,M245,NA,NA,M163,NA,NA,Ag,NA,No Value,NoIntro,NoPE,NoEjac,3,0,0,0,NA,NA
11:52:03,4/11/2023,2,AK,M,M182,NA,NA,M246,NA,NA,Gr,NA,No Value,NoIntro,PE,NoEjac,5,1,0,2,NA,NA
11:57:38,4/11/2023,2,AK,M,M182,NA,NA,M246,NA,NA,Gr,NA,No Value,NA,PE,NoEjac,4,1,0,2,NA,NA
13:09:21,4/24/2023,2,AK,M,M227,NA,NA,M246,NA,NA,R,NA,No Value,NoIntro,PE,NoEjac,7,4,0,12,NA,NA
10:57:54,4/26/2023,1,CC,M,M156,NA,NA,M145,NA,NA,Ag,NA,No Value,NoIntro,NoPE,NoEjac,1,2,0,4,NA,NA
13:11:19,5/1/2023,1,CC,M,M146,NA,NA,M150,NA,NA,Ag,NA,No Value,NoIntro,NoPE,NoEjac,2,0,0,0,NA,NA
7:51:18,5/3/2023,1,CC,M,M154,NA,NA,M140,NA,NA,R,NA,No Value,NoIntro,NoPE,NoEjac,3,1,0,1,NA,NA
10:32:05,5/3/2023,1,CC,M,M188,NA,NA,M011,NA,NA,R,NA,No Value,NoIntro,NoPE,NoEjac,3,No Value,No Value,No Value,NA,NA
11:17:50,5/10/2023,1,CC,M,M011,NA,NA,M099,NA,NA,R,IgnoreRejection,No Value,NA,NA,NA,No Value,No Value,No Value,No Value,NA,NA
13:39:33,5/10/2023,1,CC,M,M097,NA,NA,M162,NA,NA,Ag,NA,No Value,NoIntro,NoPE,NoEjac,9,14,0,20,NA,NA
12:15:07,2/12/2024,2,JF,M,M182,NA,NA,M245,NA,NA,Gr,NA,NA,NA,NA,NA,3,NA,NA,NA,"Photos 9, reciever = BW5",NA
12:15:36,2/12/2024,2,JF,M,M182,NA,NA,M245,NA,NA,Gr,NA,NA,NA,NA,NA,2,NA,NA,NA,"Photos 9, reciever = BW5",NA
8:52:51,2/13/2024,1,WR,M,M189,NA,NA,M078,NA,NA,Gr,NA,NA,NoIntro,NoErection,NoEjac,2,NA,NA,4,NA,NA
13:24:51,2/13/2024,1,WR,M,M205,NA,NA,M162,NA,NA,Gr,NA,NA,NoIntro,NoErection,NoEjac,2,NA,NA,NA,Action started as I approached. Accompanied with eye contact and baring,NA
13:29:21,2/13/2024,1,WR,M,M205,NA,NA,M162,NA,NA,Gr,NA,NA,NoIntro,NoErection,NoEjac,4,NA,NA,NA,NA,NA
8:14:58,2/14/2024,2,JF,M,M062,NA,NA,M010,NA,NA,R,NA,NA,NA,NoErection,NA,2,NA,NA,NA,RecoeverReceived photo 1,NA
8:47:30,2/15/2024,1,WR,M,M090,NA,NA,M141,NA,NA,Gr,NA,NA,NoIntro,Erection,NoEjac,2,6,2,17,NA,NA
10:40:25,2/15/2024,2,JF,M,M062,NA,NA,M207,NA,NA,Gr,NA,NA,NA,NA,NoEjac,3,NA,NA,NA,RecoeverReceiver- 6th photo,NA
8:27:26,2/21/2024,2,JF,M,M165,NA,NA,M104,NA,NA,CoAg,NA,NA,NA,NA,NA,3,NA,NA,NA,"Ignore 3rd photo
Actor 4th ohotophoto
Receiver 5th photo",NA
7:52:20,2/29/2024,2,JF,M,M182,NA,NA,M227,NA,NA,F,NA,NA,NoIntro,NA,NoEjac,4,NA,NA,NA,Reciever photo 2,NA
10:32:37,3/4/2024,1,WR,M,M011,NA,NA,M151,NA,NA,R,NA,NA,NoIntro,NoErection,NoEjac,5,9,1,16,NA,NA
9:17:28,3/5/2024,1,WR,M,M059,NA,NA,M100,NA,NA,T,NA,NA,NoIntro,NoErection,NoEjac,3,4,NA,12,NA,NA
8:06:51,3/13/2024,1,WR,M,M133,NA,NA,M011,NA,NA,T,NA,NA,NoIntro,NoErection,NoEjac,2,3,1,8,NA,NA
11:05:31,3/19/2024,1,WR,M,M076,NA,NA,M074,NA,NA,T,NA,NA,NoIntro,NoErection,NoEjac,2,6,1,15,NA,NA
7:50:00,3/20/2024,2,KP,M,M104,NA,NA,M182,NA,NA,Ag,NA,NA,NA,NA,NA,2,NA,NA,NA,The mounter was 5L4 but is not in the data base,NA
11:23:05,3/20/2024,1,WR,M,M011,NA,NA,M105,NA,NA,CoAg,NA,NA,NoIntro,NoErection,NoEjac,2,4,NA,10,NA,NA
8:05:25,3/25/2024,2,KP,M,M207,NA,NA,M225,NA,NA,Ag,NA,NA,NA,NA,NA,2,1,1,4,Mounter was 9z7 but is not in data,NA
11:11:07,3/26/2024,1,WR,M,M026,NA,NA,M143,NA,NA,Ag,NA,NA,NA,NoErection,NA,2,6,NA,13,NA,NA
11:13:53,3/26/2024,1,WR,M,M026,NA,NA,M143,NA,NA,CoAg,NA,NA,NA,NoErection,NA,3,5,NA,14,NA,NA
9:54:44,3/27/2024,1,WR,M,M083,NA,NA,M202,NA,NA,F,NA,NA,NA,NoErection,NA,2,1,NA,3,NA,NA
7:50:16,3/28/2024,2,KP,M,M098,NA,NA,M104,NA,NA,Ag,NA,NA,NoIntro,NA,NA,2,4,4,10,Male was 5G3 after showing aggression towards 5L4,NA
10:28:51,4/1/2024,1,WR,M,M026,NA,NA,M048,NA,NA,R,NA,NA,NA,NoErection,NA,4,1,NA,4,NA,NA
8:47:42,4/5/2024,2,KP,M,M207,NA,NA,M211,NA,NA,Gr,NA,NA,NA,NA,NA,3,NA,NA,2,MUN = 9Z7,NA
7:53:00,4/8/2024,2,KP,M,M062,NA,NA,M225,NA,NA,Ag,NA,NA,NoIntro,NA,NoEjac,3,NA,NA,3,NA,NA
11:07:11,4/11/2024,1,WR,M,M011,NA,NA,M076,NA,NA,T,NA,NA,NA,NoErection,NA,2,4,NA,10,NA,NA
11:10:35,1/29/2025,2,Katarina,M,M132,NA,NA,M121,NA,NA,T,NA,NA,NA,NA,NA,NA,NA,NA,NA,NA,NA
12:22:17,1/30/2025,2,Katarina,M,M062,NA,NA,M063,NA,NA,T,NA,NA,NA,NA,NA,NA,NA,NA,NA,NA,NA
12:25:34,1/30/2025,2,Katarina,M,M062,NA,NA,M063,NA,NA,T,NA,NA,NA,NA,NA,NA,NA,NA,NA,NA,NA
12:27:08,1/30/2025,2,Katarina,M,M062,NA,NA,M063,NA,NA,Ag,NA,NA,NA,NA,NA,3,NA,NA,NA,NA,NA
12:46:22,1/30/2025,2,Katarina,M,M062,NA,NA,M063,NA,NA,Ag,NA,NA,NA,NA,NA,NA,NA,NA,NA,NA,NA
8:40:42,2/4/2025,2,Katarina,M,M163,NA,NA,M265,NA,NA,Ag,NA,NA,NA,NA,NA,NA,NA,NA,NA,Mun = CQ3,NA
8:18:28,2/14/2025,2,Katarina,M,M010,NA,NA,M271,NA,NA,T,NA,NA,NA,Erection,NA,2,NA,NA,NA,NA,NA
8:33:32,2/14/2025,2,Katarina,M,M077,NA,NA,M268,NA,NA,NA,NA,NA,NA,Erection,NA,1,NA,NA,NA,NA,NA
8:41:25,2/14/2025,2,Katarina,M,M062,NA,NA,M063,NA,NA,R,NA,NA,NA,Erection,NA,NA,NA,NA,NA,NA,NA
9:08:34,2/20/2025,2,Katarina,M,M063,NA,NA,M104,NA,NA,Ag,NA,NA,NA,Erection,NA,2,NA,NA,NA,NA,NA
8:44:06,2/21/2025,2,Katarina,M,M132,NA,NA,M063,NA,NA,R,NA,NA,NA,Erection,NA,1,NA,NA,NA,NA,NA
8:44:47,2/21/2025,2,Katarina,M,M063,NA,NA,M142,NA,NA,Ag,NA,NA,NA,Erection,NA,1,NA,NA,NA,NA,NA
8:09:35,2/24/2025,1,Holly,M,M192,NA,NA,M117,NA,NA,R,NA,NA,NA,NA,NA,NA,NA,NA,NA,NA,NA
8:34:15,2/26/2025,1,Holly,M,M192,NA,NA,M078,NA,NA,R,NA,NA,NA,NA,NA,NA,NA,NA,NA,NA,NA
11:50:58,2/26/2025,2,Katarina,M,M182,NA,NA,M246,NA,NA,R,NA,NA,NA,Erection,NA,2,NA,NA,NA,NA,NA
11:51:33,2/26/2025,2,Katarina,M,M182,NA,NA,M246,NA,NA,Gr,NA,NA,NA,Erection,NA,3,NA,NA,NA,NA,NA
11:52:16,2/26/2025,2,Katarina,M,M182,NA,NA,M246,NA,NA,R,NA,NA,NA,Erection,Ejac,7,NA,NA,NA,NA,NA
12:47:02,3/4/2025,2,Katarina,M,M265,NA,NA,M264,NA,NA,R,NA,NA,NA,NA,NA,3,NA,NA,NA,CQ3 mount CP9,NA
12:48:30,3/4/2025,2,Katarina,M,M265,NA,NA,M264,NA,NA,R,NA,NA,NA,Erection,NA,3,NA,NA,NA,CQ3 mounted CP? Again,NA
12:54:50,3/4/2025,2,Katarina,M,M265,NA,NA,M264,NA,NA,R,NA,NA,NA,NA,NA,NA,NA,NA,NA,CQ3 mounted Cp9,NA
9:22:17,3/6/2025,2,Katarina,M,M063,NA,NA,M142,NA,NA,Ag,NA,NA,NA,NA,NA,NA,NA,NA,NA,NA,NA
8:14:58,3/10/2025,2,Katarina,M,M271,NA,NA,M007,NA,NA,T,NA,NA,NA,Erection,NA,2,NA,NA,NA,NA,NA
10:56:28,3/13/2025,2,Katarina,M,M104,NA,NA,M271,NA,NA,R,NA,NA,NA,NA,NA,NA,NA,NA,NA,NA,NA
10:58:01,3/13/2025,2,Katarina,M,M104,NA,NA,M268,NA,NA,R,NA,NA,NA,Erection,NA,2,NA,NA,NA,NA,NA
7:49:44,3/18/2025,1,Holly,M,M069,NA,NA,M192,NA,NA,R,NA,NA,NA,NA,NA,NA,NA,NA,NA,NA,NA
7:50:06,3/18/2025,1,Holly,M,M192,NA,NA,M069,NA,NA,R,NA,NA,NA,NA,NA,NA,NA,NA,NA,NA,NA
11:11:18,3/18/2025,2,Katarina,M,M035,NA,NA,M299,NA,NA,R,NA,NA,NA,Erection,NA,2,NA,NA,NA,EK3,NA
8:02:30,3/19/2025,2,Katarina,M,M211,NA,NA,M191,NA,NA,R,NA,NA,NA,Erection,NA,2,NA,NA,NA,8V5,NA
8:17:28,3/20/2025,1,Holly,M,M179,NA,NA,M011,NA,NA,F,NA,NA,NA,Erection,NA,NA,NA,NA,NA,NA,NA
11:14:29,3/20/2025,2,Katarina,M,M046,NA,NA,M010,NA,NA,Gr,NA,NA,NA,Erection,NA,2,NA,NA,NA,Mun 2R8,NA
13:21:56,3/20/2025,1,Holly,M,M243,NA,NA,M242,NA,NA,Ag,NA,NA,NA,NA,NA,NA,NA,NA,NA,NA,NA
13:30:00,3/20/2025,1,Holly,M,M259,NA,NA,M242,NA,NA,R,NA,NA,NA,NA,NA,NA,NA,NA,NA,NA,NA
7:48:40,3/27/2025,1,Holly,M,M292,NA,NA,M289,NA,NA,Ag,NA,NA,NA,Erection,NA,NA,NA,NA,NA,NA,NA
7:51:02,3/27/2025,1,Holly,M,M301,NA,NA,M295,NA,NA,R,NA,NA,NA,NA,NA,NA,NA,NA,NA,NA,NA
11:12:08,20/02/2024,1,WR,M,M076,NA,NA,M042,NA,NA,NA,NA,NA,NoIntro,NoErection,NoEjac,2,3,1,12,NA,NA
8:42:18,21/02/2024,1,WR,M,M192,NA,NA,M002,M303,NA,NA,NA,NA,NoIntro,NoErection,NoEjac,3,NA,NA,1,NA,NA
13:24:25,26/02/2024,1,WR,M,M088,NA,NA,M092,NA,NA,Gr,NA,NA,NoIntro,Erection,NoEjac,3,7,1,14,NA,NA
